,count
0,75511
1,132480
2,33855
3,138508
4,20681
5,33806
6,26710
7,39870
8,0
9,0
10,55430
11,44179
12,45
13,48078
14,75817
15,19439
16,33921
17,32927
18,71793
19,43232
20,18128
21,0
22,263362
23,109399
24,38640
25,60176
26,49807
27,34645
28,58075
29,44841
30,11445
31,156137
32,0
33,56874
34,0
35,2
36,29718
37,42525
38,96127
39,69397
40,35672
41,55021
42,66700
43,73049
44,35333
45,0
46,30762
47,36884
48,54235
49,25969
50,34286
51,34543
52,48801
53,76882
54,183982
55,68047
56,0
57,57295
58,51927
59,49210
60,33268
61,47333
62,0
63,71536
64,13
65,71839
66,0
67,68262
68,1
69,61521
70,60899
71,0
72,58190
73,37147
74,40444
75,49484
76,0
77,116743
78,45555
79,0
80,18423
81,48814
82,0
83,76099
84,0
85,99529
86,45911
87,25968
88,74559
89,31820
90,20023
91,41392
92,73945
93,66562
94,58493
95,62728
96,28215
97,0
98,41719
99,9
100,125687
101,27014
102,53208
103,53032
104,79721
105,75142
106,72576
107,52558
108,80561
109,35295
110,44567
111,124485
112,43567
113,68945
114,34746
115,52417
116,63872
117,34414
118,149456
119,31926
120,77988
121,68092
122,18951
123,4
124,35477
125,32784
126,34460
127,33143
128,28287
129,36693
130,4
131,54489
132,79462
133,47962
134,43010
135,40214
136,34081
137,41199
138,1
139,50406
140,30864
141,46202
142,38177
143,55791
144,32918
145,7
146,48249
147,40374
148,66721
149,38528
150,68452
151,121432
152,37973
153,100291
154,78330
155,47266
156,32065
157,53488
158,76215
159,0
160,92638
161,55038
162,23415
163,42811
164,0
165,36702
166,43775
167,43927
168,41942
169,58859
170,37348
171,46992
172,26998
173,54686
174,126753
175,81526
176,148073
177,67502
178,47922
179,0
180,46108
181,155423
182,67664
183,85006
184,0
185,45436
186,43207
187,0
188,77779
189,46857
190,43165
191,40324
192,21522
193,55300
194,50285
195,81669
196,25003
197,58513
198,72080
199,58085
200,28328
201,29976
202,0
203,51738
204,42658
205,44239
206,0
207,28502
208,95355
209,39934
210,465610
211,51980
212,40200
213,66675
214,33398
215,40036
216,0
217,33636
218,54720
219,38138
220,0
221,0
222,127670
223,27592
224,61805
225,62095
226,43679
227,220791
228,0
229,46528
230,40897
231,74709
232,96885
233,0
234,29435
235,32678
236,0
237,31835
238,55812
239,34579
240,77738
241,47450
242,29421
243,78517
244,89750
245,43598
246,46538
247,1
248,48697
249,56638
250,97328
251,51133
252,46138
253,38744
254,0
255,42403
256,38679
257,35043
258,49611
259,50935
260,0
261,27443
262,42935
263,0
264,41852
265,46146
266,32473
267,61291
268,60060
269,55372
270,131507
271,30962
272,44766
273,32333
274,42023
275,33569
276,61619
277,58777
278,0
279,38062
280,65954
281,34613
282,32590
283,107407
284,43947
285,69260
286,87957
287,37960
288,0
289,24460
290,0
291,139994
292,74175
293,102669
294,63018
295,51401
296,97708
297,35644
298,38464
299,95581
300,57180
301,52713
302,0
303,71833
304,0
305,69524
306,39964
307,0
308,36825
309,48282
310,45892
311,0
312,38242
313,66258
314,0
315,152774
316,58201
317,46628
318,27315
319,35454
320,1
321,37703
322,42533
323,134340
324,103411
325,20295
326,42343
327,44272
328,71548
329,37130
330,34096
331,0
332,82802
333,40951
334,58301
335,43671
336,40320
337,42398
338,0
339,16972
340,126576
341,31064
342,38534
343,78142
344,16259
345,153863
346,27657
347,58977
348,63865
349,48929
350,49049
351,21520
352,62091
353,0
354,52944
355,58124
356,65316
357,71876
358,36462
359,45398
360,35409
361,102939
362,35551
363,41753
364,86645
365,25184
366,0
367,58480
368,40416
369,41910
370,57104
371,0
372,0
373,50032
374,0
375,77689
376,48502
377,8328
378,4
379,59342
380,20053
381,47440
382,46604
383,34818
384,33254
385,31096
386,27143
387,80755
388,52621
389,27837
390,0
391,0
392,43359
393,57573
394,43325
395,57055
396,41282
397,78038
398,0
399,50583
400,43246
401,72893
402,45152
403,29083
404,0
405,38664
406,50253
407,86709
408,6
409,0
410,22834
411,30794
412,63594
413,0
414,2
415,85597
416,0
417,0
418,17441
419,5
420,53081
421,52898
422,1
423,106504
424,41840
425,36778
426,4
427,34841
428,28885
429,0
430,0
431,36994
432,67858
433,63841
434,28271
435,29083
436,0
437,26775
438,60668
439,29112
440,34963
441,59731
442,0
443,55397
444,44955
445,70763
446,32200
447,38180
448,57572
449,63203
450,28788
451,54296
452,27855
453,57305
454,35749
455,60627
456,39182
457,0
458,0
459,45156
460,35516
461,22
462,48483
463,34251
464,31099
465,54411
466,2
467,47649
468,49322
469,102834
470,28369
471,71205
472,0
473,50155
474,40075
475,46831
476,29333
477,20323
478,38818
479,211652
480,44158
481,0
482,44570
483,51069
484,44286
485,26014
486,54674
487,41232
488,58145
489,41178
490,0
491,0
492,49593
493,0
494,47818
495,61247
496,43435
497,45219
498,32240
499,34858
500,258825
501,48800
502,59772
503,48204
504,145064
505,37349
506,0
507,62626
508,44778
509,56064
510,36156
511,53973
512,46472
513,85081
514,54365
515,107599
516,47618
517,37411
518,148921
519,74998
520,0
521,37584
522,42330
523,35394
524,68842
525,0
526,0
527,62816
528,209830
529,214721
530,49665
531,36390
532,6
533,39088
534,42346
535,81931
536,71969
537,29443
538,27670
539,39158
540,55640
541,129968
542,0
543,1
544,0
545,86577
546,68705
547,0
548,131945
549,44587
550,4
551,1
552,64817
553,0
554,71975
555,114033
556,80326
557,55699
558,84599
559,48973
560,45020
561,74181
562,47523
563,44555
564,48460
565,135273
566,55294
567,26604
568,17156
569,0
570,2
571,142421
572,18388
573,65442
574,48797
575,117467
576,40056
577,0
578,299423
579,57744
580,0
581,34258
582,28523
583,60384
584,36027
585,0
586,50312
587,47396
588,47163
589,57588
590,6
591,38029
592,66796
593,16924
594,99036
595,17664
596,37791
597,0
598,40090
599,37347
600,0
601,40727
602,42517
603,53574
604,34744
605,95759
606,1
607,43294
608,50428
609,44948
610,26881
611,15
612,48298
613,26818
614,27137
615,38132
616,46418
617,37093
618,51497
619,31616
620,51456
621,71337
622,34264
623,20325
624,61109
625,53230
626,80792
627,56488
628,30937
629,65266
630,404049
631,51661
632,26859
633,178879
634,94123
635,36589
636,21844
637,50026
638,39012
639,37056
640,32055
641,47073
642,34286
643,56595
644,34885
645,100191
646,112544
647,138335
648,52509
649,36103
650,29894
651,57615
652,48519
653,0
654,75056
655,32228
656,21713
657,1
658,40542
659,75553
660,37098
661,38094
662,35170
663,68376
664,25812
665,23208
666,4
667,31330
668,38765
669,46685
670,33820
671,38430
672,38999
673,18794
674,37503
675,64402
676,51687
677,95954
678,43282
679,33423
680,57605
681,27074
682,31880
683,0
684,39906
685,43693
686,31183
687,33131
688,52770
689,15303
690,22160
691,39679
692,67081
693,40652
694,58188
695,36151
696,38175
697,0
698,42527
699,62984
700,43651
701,39838
702,70375
703,47885
704,164954
705,37304
706,0
707,42456
708,42989
709,169859
710,98519
711,32275
712,28161
713,68794
714,21012
715,1
716,66314
717,47199
718,43850
719,46821
720,73420
721,68066
722,48314
723,0
724,0
725,72466
726,17731
727,0
728,36187
729,28490
730,255344
731,226710
732,64035
733,176613
734,52932
735,23751
736,45957
737,42072
738,41446
739,0
740,53537
741,57268
742,67907
743,44313
744,28722
745,37117
746,90086
747,44934
748,54021
749,38593
750,69177
751,46085
752,1
753,48784
754,39557
755,34012
756,49121
757,28024
758,46740
759,25237
760,69752
761,3
762,30066
763,42986
764,59414
765,58739
766,46575
767,47375
768,103405
769,129470
770,37098
771,28492
772,43126
773,31631
774,20444
775,0
776,134382
777,58652
778,50429
779,29157
780,70635
781,0
782,29007
783,0
784,33879
785,35629
786,27375
787,70742
788,32789
789,220905
790,79586
791,99206
792,65509
793,23713
794,0
795,139686
796,43290
797,100495
798,2
799,55599
800,25523
801,50994
802,53966
803,172604
804,47988
805,0
806,41477
807,33309
808,34072
809,289270
810,45003
811,47683
812,58486
813,17732
814,24028
815,355043
816,101798
817,60247
818,135045
819,98270
820,55533
821,42019
822,25837
823,54482
824,124313
825,54465
826,56715
827,35934
828,0
829,46094
830,0
831,73175
832,53544
833,101176
834,36279
835,27122
836,2
837,0
838,32396
839,75089
840,82715
841,42065
842,71120
843,36449
844,46329
845,11
846,33321
847,115503
848,45790
849,79331
850,40936
851,24097
852,43940
853,123692
854,45885
855,62117
856,40298
857,40490
858,65841
859,0
860,47141
861,45589
862,0
863,57711
864,103555
865,58089
866,43218
867,0
868,36364
869,46341
870,121388
871,50981
872,128414
873,84306
874,30332
875,0
876,56664
877,97097
878,34829
879,105331
880,0
881,0
882,54006
883,27071
884,53023
885,58529
886,0
887,0
888,16
889,35039
890,38729
891,47147
892,20648
893,51936
894,26699
895,44036
896,26993
897,45790
898,34276
899,41391
900,87123
901,36835
902,69097
903,22822
904,42990
905,76027
906,80693
907,42287
908,114672
909,40618
910,43440
911,6
912,79022
913,80956
914,37508
915,50845
916,77787
917,0
918,29085
919,121222
920,40112
921,53604
922,88960
923,1
924,160689
925,43263
926,0
927,1
928,72264
929,22897
930,41502
931,46681
932,24543
933,43842
934,40277
935,0
936,0
937,1
938,122249
939,80842
940,16483
941,64670
942,37919
943,2
944,41402
945,45072
946,153741
947,73166
948,50633
949,34044
950,55340
951,14627
952,0
953,26938
954,51859
955,42348
956,20820
957,36416
958,37181
959,28549
960,25732
961,40565
962,33808
963,62039
964,30595
965,60434
966,41250
967,115158
968,142868
969,53855
970,2
971,37264
972,0
973,86049
974,75063
975,725720
976,0
977,42712
978,27798
979,127899
980,59745
981,0
982,30648
983,0
984,119736
985,31639
986,35003
987,23831
988,60338
989,39923
990,29185
991,42519
992,66874
993,24607
994,38400
995,26174
996,0
997,60052
998,36984
999,0
1000,204884
1001,50668
1002,59629
1003,42571
1004,58302
1005,52256
1006,77699
1007,67293
1008,50117
1009,52075
1010,17804
1011,95374
1012,47688
1013,40152
1014,52641
1015,69878
1016,22250
1017,98219
1018,57207
1019,30440
1020,60648
1021,0
1022,125380
1023,91962
1024,61449
1025,27418
1026,26682
1027,111084
1028,16732
1029,0
1030,0
1031,150944
1032,69988
1033,0
1034,39133
1035,76023
1036,177530
1037,93028
1038,25926
1039,0
1040,71977
1041,0
1042,35610
1043,73176
1044,32188
1045,82384
1046,33898
1047,127837
1048,72785
1049,60876
1050,29708
1051,54378
1052,44252
1053,12
1054,43785
1055,31375
1056,37921
1057,41588
1058,25356
1059,0
1060,27632
1061,75090
1062,50848
1063,102907
1064,44492
1065,58913
1066,36201
1067,81157
1068,60497
1069,33564
1070,57264
1071,37050
1072,47868
1073,46055
1074,17133
1075,107042
1076,53724
1077,0
1078,29056
1079,53094
1080,45129
1081,57295
1082,57408
1083,55605
1084,22419
1085,47972
1086,35620
1087,64526
1088,58183
1089,64931
1090,68569
1091,0
1092,37962
1093,108772
1094,22537
1095,39053
1096,40524
1097,70504
1098,46049
1099,77219
1100,30545
1101,102830
1102,27183
1103,17777
1104,197866
1105,55177
1106,29894
1107,61690
1108,80116
1109,33622
1110,44101
1111,0
1112,38546
1113,37320
1114,34112
1115,16711
1116,38894
1117,35279
1118,46740
1119,45375
1120,66019
1121,0
1122,56151
1123,35700
1124,56848
1125,57787
1126,45424
1127,43575
1128,75609
1129,56507
1130,41312
1131,46813
1132,0
1133,28365
1134,31661
1135,54703
1136,31030
1137,40206
1138,47447
1139,50807
1140,19029
1141,32384
1142,33394
1143,34949
1144,0
1145,93878
1146,49051
1147,0
1148,32533
1149,42458
1150,24719
1151,56937
1152,0
1153,60353
1154,38994
1155,61243
1156,43178
1157,55587
1158,49437
1159,70017
1160,65727
1161,4
1162,30955
1163,75699
1164,75767
1165,0
1166,104344
1167,61337
1168,67001
1169,101032
1170,151765
1171,37918
1172,43177
1173,87718
1174,35796
1175,20921
1176,102515
1177,40707
1178,118989
1179,55529
1180,56158
1181,71279
1182,76477
1183,63097
1184,33845
1185,34839
1186,0
1187,58412
1188,37245
1189,46091
1190,39369
1191,44013
1192,0
1193,98423
1194,29268
1195,96391
1196,56312
1197,101691
1198,83438
1199,26753
1200,42159
1201,116842
1202,33850
1203,34830
1204,52075
1205,58658
1206,102648
1207,81134
1208,35633
1209,57489
1210,30290
1211,3
1212,0
1213,107206
1214,39674
1215,6
1216,68809
1217,54165
1218,60367
1219,28201
1220,50995
1221,0
1222,79364
1223,154253
1224,59311
1225,36837
1226,2
1227,67431
1228,27645
1229,32551
1230,59507
1231,102569
1232,34069
1233,61754
1234,49974
1235,37999
1236,48709
1237,30136
1238,2
1239,77572
1240,44424
1241,86270
1242,50926
1243,3
1244,40579
1245,47557
1246,64596
1247,68999
1248,44395
1249,34013
1250,43094
1251,30623
1252,63241
1253,43660
1254,45974
1255,74556
1256,25320
1257,223381
1258,59538
1259,57762
1260,69523
1261,48562
1262,69292
1263,19990
1264,16045
1265,41735
1266,0
1267,0
1268,52175
1269,49118
1270,39176
1271,32888
1272,0
1273,0
1274,41746
1275,0
1276,57497
1277,56043
1278,57278
1279,79024
1280,39868
1281,53729
1282,34061
1283,41279
1284,46285
1285,1
1286,43697
1287,101393
1288,81036
1289,91413
1290,75021
1291,95829
1292,0
1293,63358
1294,20297
1295,58392
1296,49192
1297,73786
1298,37938
1299,54887
1300,41730
1301,75531
1302,32530
1303,49988
1304,0
1305,33967
1306,0
1307,31965
1308,36551
1309,2
1310,39776
1311,134038
1312,45653
1313,135929
1314,27264
1315,37957
1316,37992
1317,77599
1318,0
1319,34417
1320,1
1321,57088
1322,57803
1323,51111
1324,52345
1325,22364
1326,0
1327,33335
1328,85013
1329,53406
1330,0
1331,39677
1332,38498
1333,53161
1334,80076
1335,168948
1336,47256
1337,48883
1338,70364
1339,102357
1340,52397
1341,36358
1342,43388
1343,50529
1344,44787
1345,53624
1346,0
1347,66172
1348,59192
1349,41660
1350,77344
1351,63250
1352,36451
1353,58012
1354,0
1355,74575
1356,3
1357,59091
1358,41084
1359,32039
1360,27804
1361,52779
1362,33575
1363,0
1364,16956
1365,57347
1366,36217
1367,41945
1368,41949
1369,64791
1370,7
1371,36446
1372,34755
1373,0
1374,52162
1375,59925
1376,51230
1377,112224
1378,2
1379,42815
1380,56222
1381,58325
1382,53942
1383,61224
1384,59351
1385,44512
1386,73127
1387,30619
1388,37833
1389,60736
1390,44550
1391,0
1392,31792
1393,56500
1394,28209
1395,40409
1396,55324
1397,37366
1398,28116
1399,36034
1400,82218
1401,53809
1402,63639
1403,68812
1404,52559
1405,44833
1406,39727
1407,40464
1408,47276
1409,86714
1410,48951
1411,42075
1412,1
1413,19002
1414,59729
1415,19477
1416,42345
1417,80568
1418,15513
1419,26788
1420,55001
1421,42385
1422,25530
1423,56085
1424,61645
1425,0
1426,71788
1427,166565
1428,102998
1429,47429
1430,42920
1431,34628
1432,34386
1433,0
1434,44416
1435,62848
1436,31397
1437,43689
1438,0
1439,40713
1440,35038
1441,36463
1442,47763
1443,57639
1444,57817
1445,92673
1446,29409
1447,45164
1448,54232
1449,70206
1450,78050
1451,42331
1452,50926
1453,58608
1454,28097
1455,35630
1456,27123
1457,56185
1458,1
1459,45534
1460,40811
1461,31533
1462,91509
1463,33345
1464,56867
1465,71287
1466,37511
1467,16961
1468,83115
1469,1
1470,79256
1471,47513
1472,43967
1473,51740
1474,0
1475,68568
1476,78156
1477,155513
1478,33175
1479,56694
1480,47600
1481,52221
1482,28462
1483,34409
1484,37199
1485,48970
1486,0
1487,65793
1488,42607
1489,45943
1490,44622
1491,62850
1492,44188
1493,38279
1494,0
1495,0
1496,26194
1497,99627
1498,32024
1499,52738
1500,0
1501,0
1502,33977
1503,50394
1504,50506
1505,0
1506,41004
1507,45373
1508,87701
1509,35988
1510,48982
1511,28654
1512,67649
1513,41888
1514,44429
1515,43228
1516,19180
1517,37859
1518,0
1519,98866
1520,41218
1521,26386
1522,105541
1523,49191
1524,75873
1525,0
1526,109556
1527,72501
1528,46618
1529,61469
1530,57761
1531,0
1532,58151
1533,98227
1534,37413
1535,81855
1536,44236
1537,16868
1538,111698
1539,45237
1540,0
1541,34647
1542,32030
1543,24862
1544,39037
1545,142297
1546,79222
1547,45040
1548,20938
1549,20080
1550,66361
1551,44501
1552,61638
1553,0
1554,0
1555,37630
1556,41240
1557,35708
1558,83415
1559,47158
1560,41030
1561,46201
1562,58899
1563,49880
1564,53185
1565,38555
1566,70225
1567,0
1568,29368
1569,38793
1570,1
1571,131898
1572,61044
1573,67498
1574,52602
1575,38253
1576,95652
1577,49171
1578,32923
1579,206279
1580,0
1581,134826
1582,39974
1583,49265
1584,53298
1585,45109
1586,48618
1587,49681
1588,63953
1589,30658
1590,55939
1591,77335
1592,44799
1593,0
1594,31873
1595,31695
1596,39918
1597,54317
1598,36607
1599,106767
1600,50887
1601,41990
1602,48439
1603,37867
1604,54811
1605,53183
1606,0
1607,4
1608,88614
1609,0
1610,0
1611,46105
1612,40289
1613,56300
1614,35094
1615,55158
1616,59837
1617,57268
1618,22714
1619,40643
1620,38176
1621,46261
1622,0
1623,55125
1624,36355
1625,144218
1626,104657
1627,54579
1628,93685
1629,2
1630,0
1631,43930
1632,35041
1633,46693
1634,0
1635,68225
1636,34632
1637,174041
1638,64109
1639,43542
1640,81033
1641,0
1642,47143
1643,70349
1644,54966
1645,23534
1646,18935
1647,46467
1648,42841
1649,30490
1650,46184
1651,102619
1652,62044
1653,52364
1654,46556
1655,31306
1656,0
1657,16672
1658,68670
1659,55766
1660,0
1661,0
1662,0
1663,64125
1664,59772
1665,57378
1666,11
1667,0
1668,171884
1669,31368
1670,6
1671,63505
1672,58777
1673,54479
1674,121223
1675,43631
1676,0
1677,58428
1678,2
1679,38451
1680,39315
1681,44935
1682,86297
1683,58927
1684,52494
1685,37336
1686,0
1687,65950
1688,37415
1689,65549
1690,29959
1691,65845
1692,19172
1693,0
1694,22543
1695,280387
1696,71567
1697,26237
1698,45025
1699,0
1700,66852
1701,38445
1702,35757
1703,55435
1704,37897
1705,24889
1706,66581
1707,32843
1708,72787
1709,35194
1710,50872
1711,86860
1712,0
1713,64986
1714,70142
1715,27776
1716,61625
1717,106658
1718,23914
1719,44554
1720,0
1721,44413
1722,378663
1723,32291
1724,27728
1725,105944
1726,84125
1727,47073
1728,33327
1729,43071
1730,45341
1731,65693
1732,0
1733,31631
1734,60684
1735,44159
1736,61905
1737,113846
1738,0
1739,57382
1740,43717
1741,33917
1742,51762
1743,81550
1744,27791
1745,45775
1746,0
1747,70526
1748,0
1749,68985
1750,115919
1751,43297
1752,52790
1753,10
1754,40634
1755,45530
1756,32950
1757,2
1758,54757
1759,0
1760,52068
1761,62336
1762,43426
1763,0
1764,0
1765,31966
1766,53468
1767,40783
1768,92147
1769,31597
1770,0
1771,45236
1772,20467
1773,0
1774,29318
1775,0
1776,120488
1777,29880
1778,66571
1779,40914
1780,36999
1781,91712
1782,1
1783,67747
1784,44151
1785,56086
1786,78197
1787,30515
1788,34635
1789,63504
1790,34337
1791,36824
1792,57717
1793,53149
1794,69297
1795,34116
1796,69555
1797,43713
1798,46792
1799,61506
1800,91803
1801,2
1802,40613
1803,38731
1804,37328
1805,35424
1806,33404
1807,111448
1808,36517
1809,1
1810,4
1811,46053
1812,38665
1813,0
1814,85570
1815,29504
1816,69109
1817,47308
1818,55119
1819,48235
1820,66721
1821,2
1822,59127
1823,149987
1824,85493
1825,49161
1826,8273
1827,0
1828,46301
1829,55846
1830,55385
1831,46299
1832,13679
1833,27109
1834,71061
1835,52609
1836,48227
1837,148266
1838,76554
1839,47489
1840,30232
1841,123959
1842,30178
1843,2
1844,4
1845,0
1846,14583
1847,30583
1848,43338
1849,43041
1850,59069
1851,71281
1852,0
1853,57397
1854,46783
1855,35422
1856,40497
1857,61142
1858,50195
1859,0
1860,46196
1861,17315
1862,60600
1863,54937
1864,39271
1865,35720
1866,26655
1867,27347
1868,0
1869,27409
1870,31168
1871,54649
1872,42556
1873,47815
1874,43280
1875,2
1876,76462
1877,71644
1878,68996
1879,17472
1880,15320
1881,64199
1882,43943
1883,61515
1884,39331
1885,50887
1886,24838
1887,135322
1888,68237
1889,79615
1890,34679
1891,66365
1892,42543
1893,42765
1894,45428
1895,32691
1896,51230
1897,39652
1898,39324
1899,6
1900,39823
1901,71094
1902,30166
1903,32484
1904,29007
1905,104667
1906,0
1907,0
1908,0
1909,38724
1910,0
1911,44007
1912,35162
1913,0
1914,0
1915,3
1916,67070
1917,46854
1918,59379
1919,56464
1920,3
1921,56601
1922,108404
1923,40269
1924,79925
1925,61968
1926,50293
1927,43954
1928,25280
1929,48347
1930,25586
1931,19667
1932,41618
1933,201275
1934,15786
1935,2
1936,62412
1937,32904
1938,2
1939,102238
1940,33007
1941,84579
1942,96439
1943,34071
1944,42070
1945,37677
1946,39292
1947,0
1948,47702
1949,61033
1950,66267
1951,58041
1952,52138
1953,66149
1954,47792
1955,33638
1956,32512
1957,81336
1958,46281
1959,43968
1960,47106
1961,43091
1962,111754
1963,53170
1964,68056
1965,36393
1966,58654
1967,41904
1968,33868
1969,0
1970,0
1971,47224
1972,47864
1973,79016
1974,0
1975,35594
1976,0
1977,39317
1978,5
1979,2
1980,40578
1981,37463
1982,166698
1983,41006
1984,43723
1985,5
1986,35190
1987,92447
1988,38890
1989,19795
1990,58626
1991,60937
1992,29633
1993,44842
1994,64853
1995,35615
1996,76049
1997,44092
1998,55466
1999,65788
2000,33117
2001,0
2002,24150
2003,35111
2004,39356
2005,65215
2006,57325
2007,38503
2008,46806
2009,45374
2010,33279
2011,31055
2012,4231
2013,68502
2014,58435
2015,44930
2016,58094
2017,53811
2018,43555
2019,38086
2020,36695
2021,26105
2022,42620
2023,108104
2024,22967
2025,47983
2026,44622
2027,78229
2028,0
2029,111943
2030,0
2031,84926
2032,31747
2033,33027
2034,35048
2035,29570
2036,0
2037,42404
2038,36826
2039,31457
2040,21232
2041,59535
2042,41387
2043,149969
2044,0
2045,33104
2046,56899
2047,1
2048,56867
2049,34502
2050,33178
2051,3
2052,30406
2053,96732
2054,49993
2055,0
2056,50394
2057,59424
2058,47528
2059,50909
2060,73594
2061,40346
2062,99771
2063,26461
2064,81489
2065,71572
2066,55152
2067,53184
2068,61133
2069,95224
2070,0
2071,54471
2072,15984
2073,0
2074,48415
2075,0
2076,16656
2077,3
2078,3
2079,22044
2080,44375
2081,0
2082,32996
2083,66163
2084,47445
2085,49805
2086,36229
2087,36213
2088,74526
2089,53738
2090,30386
2091,21486
2092,40322
2093,146679
2094,27071
2095,48393
2096,81511
2097,44153
2098,55856
2099,40972
2100,35912
2101,54824
2102,48749
2103,24214
2104,0
2105,68361
2106,47778
2107,31334
2108,51624
2109,48368
2110,34596
2111,66884
2112,56095
2113,41715
2114,0
2115,53983
2116,3
2117,0
2118,42121
2119,169157
2120,39103
2121,0
2122,66511
2123,169906
2124,45317
2125,138596
2126,43302
2127,49791
2128,58989
2129,406061
2130,82656
2131,0
2132,60705
2133,0
2134,86016
2135,170104
2136,62680
2137,16670
2138,103961
2139,35046
2140,1
2141,30885
2142,34689
2143,85405
2144,24561
2145,53900
2146,89824
2147,37749
2148,43753
2149,34876
2150,45485
2151,60283
2152,46322
2153,30975
2154,55952
2155,54179
2156,43937
2157,47239
2158,56555
2159,134789
2160,41713
2161,138908
2162,1
2163,58270
2164,31864
2165,143035
2166,67830
2167,37043
2168,45950
2169,82711
2170,50792
2171,30423
2172,61144
2173,18753
2174,1
2175,35908
2176,0
2177,75472
2178,37767
2179,57155
2180,49555
2181,57329
2182,64182
2183,49117
2184,34870
2185,37504
2186,43526
2187,37583
2188,71723
2189,46978
2190,62589
2191,30960
2192,0
2193,59195
2194,30126
2195,107468
2196,59894
2197,39666
2198,0
2199,85697
2200,37025
2201,66879
2202,46974
2203,48137
2204,25892
2205,48923
2206,40661
2207,62495
2208,73778
2209,2
2210,38717
2211,92729
2212,76119
2213,44643
2214,0
2215,52784
2216,63618
2217,77684
2218,19943
2219,47922
2220,51688
2221,46053
2222,41797
2223,38760
2224,58498
2225,43334
2226,40026
2227,42816
2228,30906
2229,83188
2230,1
2231,42727
2232,105456
2233,54142
2234,104495
2235,41200
2236,52938
2237,46875
2238,49582
2239,56313
2240,52104
2241,36627
2242,39657
2243,40076
2244,76273
2245,0
2246,20248
2247,0
2248,31415
2249,32253
2250,0
2251,109282
2252,50288
2253,67412
2254,32644
2255,48455
2256,45450
2257,63372
2258,69045
2259,1
2260,57839
2261,84807
2262,6
2263,64348
2264,73071
2265,18169
2266,55679
2267,60069
2268,53623
2269,46667
2270,99571
2271,47470
2272,52395
2273,40423
2274,38839
2275,16312
2276,58547
2277,122648
2278,42494
2279,48367
2280,0
2281,67851
2282,1
2283,65718
2284,2
2285,19157
2286,33131
2287,29569
2288,0
2289,49656
2290,0
2291,33786
2292,31911
2293,19830
2294,82884
2295,44584
2296,74688
2297,46785
2298,52286
2299,69709
2300,37530
2301,32234
2302,62157
2303,0
2304,40513
2305,73244
2306,0
2307,0
2308,0
2309,78803
2310,53946
2311,60321
2312,87787
2313,46361
2314,3
2315,93987
2316,99263
2317,34884
2318,23844
2319,0
2320,55194
2321,86520
2322,132648
2323,41686
2324,36627
2325,22794
2326,70433
2327,100897
2328,8
2329,70368
2330,19481
2331,39777
2332,32346
2333,319918
2334,87417
2335,51340
2336,66844
2337,41660
2338,41493
2339,33884
2340,31800
2341,0
2342,55856
2343,57032
2344,57802
2345,0
2346,57581
2347,65271
2348,45495
2349,83050
2350,156468
2351,3
2352,28785
2353,67264
2354,98866
2355,40006
2356,71329
2357,0
2358,37779
2359,43422
2360,49747
2361,0
2362,0
2363,42619
2364,42958
2365,62845
2366,1
2367,4
2368,24754
2369,26578
2370,9911
2371,32736
2372,50678
2373,33281
2374,91604
2375,0
2376,39135
2377,24473
2378,35414
2379,43964
2380,36331
2381,55339
2382,62518
2383,39611
2384,5
2385,38392
2386,68738
2387,54947
2388,0
2389,76869
2390,0
2391,0
2392,67637
2393,21563
2394,56529
2395,128183
2396,70600
2397,115532
2398,25686
2399,35078
2400,26679
2401,38205
2402,62291
2403,69422
2404,42302
2405,85259
2406,74356
2407,66239
2408,22611
2409,0
2410,34783
2411,75610
2412,76835
2413,36406
2414,62173
2415,40129
2416,71865
2417,34720
2418,97539
2419,79288
2420,59016
2421,98536
2422,36014
2423,124003
2424,1
2425,24959
2426,28553
2427,458905
2428,39253
2429,62741
2430,50152
2431,67221
2432,50855
2433,32875
2434,44262
2435,38475
2436,71991
2437,32529
2438,0
2439,39736
2440,59335
2441,40695
2442,65156
2443,67157
2444,101997
2445,118158
2446,9685
2447,25991
2448,40256
2449,0
2450,58640
2451,71709
2452,685618
2453,32614
2454,51036
2455,29351
2456,26511
2457,153204
2458,0
2459,55886
2460,66184
2461,0
2462,56421
2463,46488
2464,57484
2465,67698
2466,35678
2467,83161
2468,50349
2469,43505
2470,15489
2471,71615
2472,22943
2473,89219
2474,54087
2475,39751
2476,30303
2477,16132
2478,0
2479,18175
2480,29007
2481,65594
2482,49999
2483,53924
2484,48591
2485,48768
2486,42237
2487,34620
2488,17554
2489,162650
2490,38435
2491,69321
2492,17519
2493,59503
2494,18586
2495,53488
2496,2
2497,73116
2498,5
2499,73676
2500,158928
2501,55136
2502,106413
2503,43540
2504,42906
2505,66916
2506,76772
2507,53599
2508,30152
2509,50068
2510,46838
2511,65449
2512,46110
2513,35683
2514,56432
2515,48134
2516,38434
2517,41355
2518,90454
2519,23056
2520,32821
2521,36898
2522,68880
2523,53120
2524,29620
2525,19368
2526,35893
2527,82361
2528,23477
2529,71583
2530,1
2531,47308
2532,46399
2533,0
2534,53574
2535,35087
2536,37946
2537,0
2538,40085
2539,42689
2540,13552
2541,72618
2542,44545
2543,97317
2544,44003
2545,0
2546,13223
2547,160371
2548,29533
2549,41606
2550,5
2551,80101
2552,40461
2553,0
2554,72080
2555,419659
2556,55248
2557,72134
2558,71475
2559,54390
2560,36831
2561,5
2562,51527
2563,56840
2564,55248
2565,36818
2566,54350
2567,50362
2568,139643
2569,61020
2570,22925
2571,0
2572,31458
2573,61339
2574,114326
2575,49518
2576,51314
2577,468524
2578,75069
2579,0
2580,1
2581,113735
2582,81520
2583,64670
2584,35235
2585,178907
2586,99808
2587,70595
2588,3
2589,60150
2590,43226
2591,61889
2592,57507
2593,41663
2594,35052
2595,60838
2596,57741
2597,0
2598,33650
2599,41260
2600,37790
2601,81050
2602,46140
2603,50796
2604,46927
2605,52502
2606,58816
2607,0
2608,106526
2609,33226
2610,47724
2611,68766
2612,68247
2613,27892
2614,155638
2615,55886
2616,76503
2617,2
2618,27111
2619,142296
2620,42400
2621,25567
2622,46021
2623,31913
2624,141444
2625,214965
2626,82729
2627,47281
2628,47129
2629,31928
2630,52750
2631,60507
2632,34442
2633,34383
2634,48448
2635,57256
2636,64637
2637,58155
2638,113820
2639,29810
2640,43651
2641,25718
2642,0
2643,3
2644,83814
2645,58764
2646,36235
2647,45258
2648,89302
2649,0
2650,36767
2651,32265
2652,57312
2653,24441
2654,50804
2655,47131
2656,28749
2657,1
2658,18686
2659,46742
2660,51762
2661,58952
2662,33665
2663,51163
2664,45744
2665,119110
2666,47584
2667,58998
2668,0
2669,0
2670,44722
2671,38203
2672,57731
2673,38689
2674,50800
2675,29621
2676,80677
2677,36446
2678,57101
2679,49117
2680,0
2681,4
2682,43937
2683,0
2684,40672
2685,101937
2686,58127
2687,26932
2688,0
2689,55462
2690,68291
2691,37856
2692,48802
2693,61324
2694,37924
2695,60526
2696,55695
2697,66531
2698,47632
2699,47855
2700,60688
2701,0
2702,48598
2703,33966
2704,25788
2705,83760
2706,96820
2707,45223
2708,84790
2709,52953
2710,62510
2711,0
2712,0
2713,29320
2714,41509
2715,0
2716,25801
2717,4
2718,29212
2719,41273
2720,43522
2721,35720
2722,67396
2723,296957
2724,27025
2725,54251
2726,72114
2727,27239
2728,74852
2729,37570
2730,58217
2731,115906
2732,57749
2733,17945
2734,48078
2735,46865
2736,45904
2737,96790
2738,27164
2739,31464
2740,44946
2741,143755
2742,59177
2743,369355
2744,2
2745,90357
2746,35305
2747,89112
2748,51330
2749,38013
2750,0
2751,0
2752,0
2753,32483
2754,0
2755,42730
2756,41541
2757,49325
2758,32906
2759,51161
2760,27695
2761,31418
2762,43855
2763,40116
2764,50824
2765,34584
2766,42519
2767,44555
2768,1
2769,29060
2770,62244
2771,22586
2772,0
2773,54364
2774,60421
2775,49545
2776,40534
2777,163411
2778,38966
2779,27442
2780,76453
2781,32603
2782,51122
2783,48392
2784,58160
2785,26436
2786,48431
2787,47477
2788,51364
2789,60084
2790,37393
2791,36935
2792,51370
2793,45885
2794,0
2795,2
2796,72524
2797,37046
2798,39116
2799,45469
2800,119032
2801,0
2802,55726
2803,44567
2804,28991
2805,29712
2806,29058
2807,32544
2808,3
2809,40636
2810,58506
2811,55309
2812,28916
2813,121610
2814,41074
2815,122591
2816,74660
2817,42190
2818,0
2819,74754
2820,471207
2821,35857
2822,102656
2823,65255
2824,0
2825,51974
2826,24915
2827,96839
2828,33208
2829,46112
2830,155824
2831,0
2832,97295
2833,64231
2834,43564
2835,38933
2836,67710
2837,35537
2838,76058
2839,43211
2840,1
2841,44163
2842,112815
2843,33866
2844,32327
2845,37497
2846,28124
2847,79312
2848,68884
2849,86657
2850,43482
2851,71900
2852,35541
2853,83371
2854,39066
2855,85349
2856,0
2857,69867
2858,42348
2859,43363
2860,43997
2861,58893
2862,51354
2863,0
2864,45244
2865,70066
2866,35062
2867,46659
2868,53415
2869,109858
2870,128788
2871,31569
2872,41487
2873,130424
2874,72437
2875,42672
2876,29437
2877,30427
2878,36427
2879,34935
2880,62462
2881,70074
2882,0
2883,58950
2884,45945
2885,50842
2886,38375
2887,46708
2888,65322
2889,71494
2890,172112
2891,90942
2892,25106
2893,156092
2894,31633
2895,52721
2896,68049
2897,55123
2898,24506
2899,44657
2900,141312
2901,0
2902,48688
2903,0
2904,50394
2905,50531
2906,55109
2907,32747
2908,0
2909,0
2910,39362
2911,72884
2912,33505
2913,49340
2914,52619
2915,0
2916,34258
2917,142997
2918,49158
2919,26723
2920,37089
2921,41474
2922,43499
2923,0
2924,0
2925,39198
2926,0
2927,24040
2928,26452
2929,25175
2930,25626
2931,39992
2932,82947
2933,55388
2934,67486
2935,38867
2936,41551
2937,125634
2938,50463
2939,64448
2940,63116
2941,58472
2942,37249
2943,33188
2944,94372
2945,151931
2946,161364
2947,56282
2948,30009
2949,46143
2950,55400
2951,0
2952,54131
2953,33584
2954,58869
2955,34509
2956,69058
2957,133152
2958,0
2959,0
2960,52064
2961,40593
2962,58051
2963,442803
2964,65389
2965,39050
2966,39768
2967,39183
2968,30026
2969,33577
2970,62504
2971,55679
2972,63317
2973,77423
2974,0
2975,6
2976,19882
2977,39188
2978,35577
2979,197995
2980,19514
2981,51329
2982,26894
2983,37740
2984,52064
2985,44390
2986,48145
2987,74211
2988,56942
2989,54051
2990,73471
2991,76645
2992,2
2993,75143
2994,42824
2995,47389
2996,0
2997,80452
2998,52610
2999,0
3000,55342
3001,51575
3002,0
3003,71631
3004,85588
3005,61545
3006,63385
3007,41570
3008,37756
3009,33745
3010,0
3011,38767
3012,42748
3013,0
3014,24159
3015,63232
3016,114890
3017,62007
3018,33477
3019,80766
3020,55910
3021,0
3022,47148
3023,99204
3024,41767
3025,61376
3026,103074
3027,44039
3028,63461
3029,35197
3030,1
3031,39394
3032,51920
3033,54866
3034,0
3035,83786
3036,6
3037,48577
3038,0
3039,41549
3040,35712
3041,1
3042,59588
3043,36435
3044,31335
3045,51091
3046,105692
3047,30807
3048,0
3049,93185
3050,57681
3051,100924
3052,41585
3053,28691
3054,39507
3055,74305
3056,44319
3057,18422
3058,144362
3059,0
3060,16846
3061,11681
3062,44775
3063,54630
3064,53245
3065,99172
3066,58965
3067,52336
3068,32814
3069,30510
3070,84265
3071,60103
3072,0
3073,32084
3074,74791
3075,38740
3076,44954
3077,26882
3078,30640
3079,30110
3080,53457
3081,67778
3082,28153
3083,52558
3084,37634
3085,55276
3086,90083
3087,44145
3088,34993
3089,94785
3090,37730
3091,2
3092,23456
3093,51741
3094,59595
3095,0
3096,0
3097,77484
3098,27499
3099,47133
3100,69349
3101,73624
3102,0
3103,116075
3104,0
3105,39287
3106,55361
3107,43372
3108,92717
3109,52277
3110,25437
3111,1
3112,37393
3113,44723
3114,62198
3115,53980
3116,49912
3117,32268
3118,48675
3119,94012
3120,38892
3121,44489
3122,36400
3123,0
3124,38760
3125,37423
3126,51969
3127,32899
3128,73682
3129,34909
3130,54674
3131,44677
3132,137859
3133,44719
3134,1
3135,2
3136,0
3137,85994
3138,95536
3139,0
3140,81826
3141,32653
3142,89057
3143,53420
3144,1
3145,53185
3146,67951
3147,55361
3148,0
3149,23847
3150,56148
3151,51336
3152,59362
3153,22027
3154,61045
3155,44598
3156,37298
3157,74067
3158,107395
3159,38857
3160,42252
3161,50843
3162,40957
3163,0
3164,45726
3165,29585
3166,28669
3167,34231
3168,34053
3169,15427
3170,3
3171,73182
3172,79034
3173,59438
3174,0
3175,33607
3176,60073
3177,0
3178,38322
3179,52808
3180,70548
3181,100449
3182,27072
3183,41184
3184,72306
3185,37343
3186,80272
3187,25747
3188,47224
3189,1
3190,51935
3191,35077
3192,55310
3193,221354
3194,28720
3195,2
3196,50595
3197,24334
3198,47387
3199,58815
3200,62163
3201,23647
3202,0
3203,40788
3204,39858
3205,108734
3206,77740
3207,100738
3208,162127
3209,37777
3210,16521
3211,56619
3212,32970
3213,79234
3214,58693
3215,43525
3216,127773
3217,84789
3218,59618
3219,63934
3220,167644
3221,39574
3222,62546
3223,23653
3224,0
3225,46829
3226,23907
3227,107571
3228,0
3229,78749
3230,46777
3231,20778
3232,37546
3233,52673
3234,51881
3235,52096
3236,40491
3237,16050
3238,31388
3239,47666
3240,61199
3241,40669
3242,0
3243,58392
3244,79949
3245,73260
3246,1
3247,0
3248,51771
3249,26748
3250,0
3251,103058
3252,2
3253,1
3254,23200
3255,43744
3256,108592
3257,0
3258,37976
3259,122897
3260,72649
3261,36636
3262,33776
3263,59961
3264,49547
3265,34699
3266,102209
3267,59710
3268,123841
3269,25867
3270,2
3271,72858
3272,27837
3273,46964
3274,36545
3275,38460
3276,170423
3277,0
3278,45410
3279,51323
3280,40289
3281,144549
3282,67084
3283,26451
3284,2
3285,68010
3286,20622
3287,87144
3288,28566
3289,41204
3290,41859
3291,49006
3292,53149
3293,39668
3294,73478
3295,69068
3296,117948
3297,31465
3298,44686
3299,38360
3300,61959
3301,56545
3302,80060
3303,0
3304,89015
3305,35409
3306,23994
3307,33047
3308,87899
3309,16641
3310,62582
3311,52539
3312,71808
3313,77319
3314,0
3315,28841
3316,39407
3317,41463
3318,35864
3319,22290
3320,57309
3321,55433
3322,28630
3323,58108
3324,42337
3325,49042
3326,49156
3327,51652
3328,28808
3329,2
3330,47857
3331,94457
3332,48962
3333,0
3334,54552
3335,34721
3336,0
3337,107151
3338,59780
3339,53197
3340,80803
3341,94544
3342,55970
3343,30640
3344,79164
3345,40480
3346,2
3347,44651
3348,41913
3349,50732
3350,20359
3351,50911
3352,52409
3353,72065
3354,30606
3355,39050
3356,1
3357,0
3358,29438
3359,47087
3360,21216
3361,75563
3362,125537
3363,0
3364,1
3365,0
3366,73914
3367,43317
3368,100490
3369,16850
3370,45673
3371,0
3372,0
3373,77097
3374,0
3375,38991
3376,62128
3377,35417
3378,37614
3379,35427
3380,71232
3381,270915
3382,36385
3383,53422
3384,36511
3385,80962
3386,20657
3387,120040
3388,53871
3389,53315
3390,0
3391,48554
3392,89597
3393,32492
3394,0
3395,61147
3396,29541
3397,39804
3398,42243
3399,1
3400,32761
3401,47340
3402,37636
3403,45534
3404,59718
3405,36402
3406,36811
3407,48968
3408,0
3409,0
3410,0
3411,33937
3412,46075
3413,39703
3414,56574
3415,57648
3416,41418
3417,36856
3418,40070
3419,291192
3420,61331
3421,0
3422,39075
3423,28582
3424,43221
3425,101087
3426,43767
3427,71546
3428,48309
3429,43897
3430,100986
3431,74183
3432,34049
3433,57951
3434,0
3435,31242
3436,39250
3437,41090
3438,80597
3439,34016
3440,30267
3441,35881
3442,49981
3443,56039
3444,47139
3445,86074
3446,34886
3447,0
3448,34094
3449,48164
3450,39670
3451,41408
3452,56171
3453,0
3454,1
3455,34347
3456,35543
3457,102768
3458,76055
3459,0
3460,86595
3461,34848
3462,34499
3463,123281
3464,56525
3465,69301
3466,41794
3467,46844
3468,44201
3469,44225
3470,77344
3471,62213
3472,32027
3473,74390
3474,0
3475,48829
3476,46194
3477,19746
3478,87463
3479,37222
3480,42041
3481,36704
3482,59276
3483,46547
3484,35907
3485,32658
3486,38671
3487,36809
3488,61624
3489,48949
3490,48414
3491,26419
3492,0
3493,38207
3494,4
3495,38718
3496,31577
3497,78252
3498,33927
3499,1
3500,70271
3501,28485
3502,57246
3503,30641
3504,0
3505,69293
3506,0
3507,75280
3508,154775
3509,0
3510,37649
3511,69650
3512,0
3513,115859
3514,130251
3515,62740
3516,30860
3517,0
3518,31440
3519,71419
3520,0
3521,16677
3522,41039
3523,77303
3524,47206
3525,52866
3526,49784
3527,89818
3528,115768
3529,47048
3530,97124
3531,36067
3532,1
3533,44454
3534,26831
3535,39097
3536,89391
3537,28127
3538,48022
3539,26734
3540,90940
3541,26135
3542,0
3543,30781
3544,1
3545,56208
3546,74721
3547,36231
3548,35431
3549,39695
3550,33226
3551,18328
3552,42203
3553,5
3554,33454
3555,56601
3556,40340
3557,48186
3558,30708
3559,0
3560,36002
3561,40859
3562,46900
3563,0
3564,32036
3565,64561
3566,69884
3567,72398
3568,42934
3569,275155
3570,52894
3571,0
3572,73678
3573,1
3574,29899
3575,48516
3576,42140
3577,41375
3578,89437
3579,37591
3580,84244
3581,41512
3582,35436
3583,35472
3584,53538
3585,48314
3586,52252
3587,37408
3588,0
3589,61505
3590,56781
3591,57878
3592,5
3593,87658
3594,49460
3595,53492
3596,37397
3597,31474
3598,32983
3599,33683
3600,2
3601,41634
3602,43305
3603,50832
3604,26476
3605,42200
3606,35033
3607,62357
3608,34748
3609,34151
3610,91166
3611,50041
3612,35504
3613,0
3614,48114
3615,42086
3616,27323
3617,57642
3618,60087
3619,0
3620,0
3621,38264
3622,114471
3623,0
3624,83970
3625,29499
3626,33908
3627,77022
3628,56864
3629,98967
3630,0
3631,36292
3632,40749
3633,40519
3634,46515
3635,4
3636,21066
3637,54192
3638,33323
3639,32125
3640,30623
3641,45942
3642,89334
3643,0
3644,0
3645,43451
3646,31949
3647,156235
3648,57163
3649,37681
3650,54888
3651,71944
3652,0
3653,7
3654,53275
3655,58992
3656,37452
3657,15687
3658,29518
3659,45503
3660,44388
3661,39529
3662,17931
3663,38816
3664,33909
3665,48978
3666,32532
3667,76465
3668,46015
3669,55966
3670,31510
3671,0
3672,41917
3673,67152
3674,3
3675,0
3676,24799
3677,36650
3678,0
3679,44976
3680,180285
3681,51813
3682,47688
3683,58910
3684,47049
3685,34544
3686,71457
3687,22193
3688,38272
3689,1
3690,232806
3691,34763
3692,48444
3693,98985
3694,54683
3695,0
3696,238927
3697,44808
3698,50005
3699,79596
3700,32214
3701,52753
3702,0
3703,65260
3704,50649
3705,55293
3706,48994
3707,42257
3708,43673
3709,70725
3710,50217
3711,45424
3712,49194
3713,45890
3714,23590
3715,132064
3716,67901
3717,29694
3718,24812
3719,44597
3720,56841
3721,81269
3722,44429
3723,49097
3724,32415
3725,33007
3726,31214
3727,110041
3728,30086
3729,0
3730,68093
3731,81714
3732,79902
3733,14
3734,165550
3735,37620
3736,55699
3737,44136
3738,123050
3739,101795
3740,60552
3741,61872
3742,38084
3743,1
3744,15913
3745,33718
3746,50894
3747,63977
3748,53492
3749,0
3750,32639
3751,46677
3752,37415
3753,39393
3754,96151
3755,42006
3756,38022
3757,27164
3758,151424
3759,14970
3760,14785
3761,2
3762,0
3763,81003
3764,108504
3765,39618
3766,48137
3767,53410
3768,95935
3769,113723
3770,42436
3771,91671
3772,52063
3773,38854
3774,61413
3775,0
3776,45487
3777,78978
3778,0
3779,93611
3780,70477
3781,21229
3782,0
3783,103308
3784,31369
3785,84832
3786,0
3787,0
3788,24690
3789,32210
3790,101498
3791,51775
3792,27412
3793,60331
3794,35467
3795,33170
3796,47494
3797,74073
3798,129427
3799,43945
3800,45704
3801,36847
3802,73310
3803,47346
3804,36776
3805,73352
3806,19732
3807,32566
3808,77866
3809,47448
3810,71990
3811,40945
3812,52492
3813,41616
3814,77509
3815,62200
3816,0
3817,0
3818,86800
3819,28830
3820,0
3821,62729
3822,33954
3823,33993
3824,50869
3825,56424
3826,30409
3827,51535
3828,41349
3829,3
3830,38021
3831,67689
3832,37886
3833,41609
3834,144803
3835,140658
3836,38221
3837,266226
3838,48643
3839,90087
3840,42904
3841,79071
3842,44104
3843,34102
3844,117857
3845,18245
3846,46582
3847,54152
3848,28762
3849,139895
3850,63222
3851,80138
3852,63764
3853,152251
3854,55147
3855,157990
3856,24872
3857,32140
3858,56457
3859,28385
3860,31967
3861,0
3862,36569
3863,1
3864,0
3865,26798
3866,42493
3867,0
3868,46821
3869,89437
3870,31843
3871,61244
3872,58640
3873,47493
3874,403048
3875,46901
3876,69026
3877,32417
3878,57396
3879,28293
3880,39047
3881,36606
3882,104643
3883,61072
3884,30327
3885,27024
3886,2
3887,138624
3888,55207
3889,47142
3890,86180
3891,57795
3892,61425
3893,78126
3894,22382
3895,26519
3896,47580
3897,0
3898,0
3899,50950
3900,44868
3901,20707
3902,0
3903,47490
3904,58159
3905,53623
3906,71477
3907,65426
3908,47092
3909,19681
3910,38915
3911,65821
3912,47569
3913,65774
3914,21808
3915,30658
3916,31976
3917,26472
3918,59289
3919,39088
3920,0
3921,165932
3922,38844
3923,36915
3924,37064
3925,43007
3926,41893
3927,53606
3928,27559
3929,43545
3930,42507
3931,43676
3932,72720
3933,74553
3934,42169
3935,30084
3936,51077
3937,31405
3938,30359
3939,32708
3940,36532
3941,39750
3942,33836
3943,79930
3944,40418
3945,51141
3946,196076
3947,0
3948,0
3949,44411
3950,39363
3951,1
3952,99314
3953,0
3954,28411
3955,36974
3956,29801
3957,71161
3958,0
3959,38326
3960,3
3961,70932
3962,46276
3963,29295
3964,0
3965,47495
3966,72791
3967,74293
3968,34121
3969,18378
3970,35307
3971,0
3972,63399
3973,0
3974,56338
3975,43721
3976,35011
3977,37679
3978,39013
3979,141834
3980,77154
3981,66943
3982,35683
3983,74308
3984,31869
3985,20403
3986,54410
3987,370283
3988,42561
3989,84576
3990,100320
3991,50769
3992,37568
3993,35068
3994,41880
3995,58453
3996,52875
3997,0
3998,38427
3999,28367
4000,38287
4001,45829
4002,65284
4003,36367
4004,50127
4005,66442
4006,44390
4007,72350
4008,42648
4009,129916
4010,77693
4011,42871
4012,43991
4013,30978
4014,30932
4015,108070
4016,152485
4017,51151
4018,69898
4019,42819
4020,0
4021,59676
4022,61591
4023,0
4024,54681
4025,20233
4026,98736
4027,44774
4028,47235
4029,64218
4030,57797
4031,71979
4032,49731
4033,78481
4034,66731
4035,59678
4036,45734
4037,36706
4038,43276
4039,67106
4040,23723
4041,33899
4042,56728
4043,134706
4044,164309
4045,49915
4046,84995
4047,48637
4048,42245
4049,42013
4050,0
4051,49425
4052,50749
4053,52013
4054,0
4055,88457
4056,3
4057,44884
4058,40517
4059,65849
4060,51864
4061,35055
4062,4
4063,48361
4064,1
4065,0
4066,45096
4067,43784
4068,116196
4069,39987
4070,46834
4071,49114
4072,77297
4073,10724
4074,53001
4075,38048
4076,0
4077,58597
4078,35238
4079,0
4080,37500
4081,69333
4082,25067
4083,34591
4084,71045
4085,28318
4086,95976
4087,56896
4088,64509
4089,52053
4090,33308
4091,3
4092,33275
4093,39806
4094,67086
4095,46182
4096,37597
4097,49464
4098,44459
4099,51070
4100,83061
4101,63190
4102,40776
4103,114057
4104,96943
4105,49950
4106,32478
4107,44723
4108,63870
4109,52325
4110,22461
4111,40295
4112,31871
4113,26505
4114,29484
4115,39775
4116,119748
4117,30586
4118,38777
4119,29534
4120,43499
4121,48790
4122,51965
4123,57785
4124,62864
4125,33441
4126,33433
4127,53601
4128,41476
4129,29457
4130,42380
4131,37969
4132,123837
4133,45910
4134,44495
4135,27394
4136,35694
4137,55720
4138,76704
4139,40455
4140,29398
4141,36857
4142,69863
4143,44976
4144,72483
4145,39624
4146,19460
4147,45508
4148,49248
4149,14791
4150,65151
4151,32670
4152,115896
4153,49997
4154,49530
4155,58104
4156,59358
4157,0
4158,38299
4159,53537
4160,2
4161,82105
4162,0
4163,4
4164,154634
4165,47515
4166,26129
4167,27110
4168,0
4169,84365
4170,65550
4171,59956
4172,69896
4173,49770
4174,48564
4175,39991
4176,61155
4177,2
4178,34291
4179,28326
4180,56772
4181,113354
4182,31029
4183,51156
4184,1
4185,32485
4186,51834
4187,51225
4188,0
4189,0
4190,88660
4191,55227
4192,62502
4193,0
4194,46386
4195,42510
4196,35134
4197,42287
4198,41560
4199,36254
4200,28100
4201,1
4202,46965
4203,43040
4204,55194
4205,144625
4206,80312
4207,30579
4208,38822
4209,36255
4210,66565
4211,61591
4212,48658
4213,40487
4214,22599
4215,8
4216,55324
4217,74879
4218,0
4219,39272
4220,49183
4221,133277
4222,36639
4223,37491
4224,48490
4225,53960
4226,3
4227,1
4228,88489
4229,33222
4230,33383
4231,77883
4232,42834
4233,41496
4234,27153
4235,27063
4236,29482
4237,77102
4238,27086
4239,66421
4240,75160
4241,48338
4242,32861
4243,49145
4244,26898
4245,144232
4246,46368
4247,0
4248,52204
4249,46351
4250,66667
4251,118575
4252,119992
4253,41037
4254,59304
4255,36751
4256,0
4257,1
4258,33350
4259,31564
4260,27823
4261,57407
4262,30237
4263,76741
4264,93992
4265,26321
4266,41355
4267,61481
4268,43870
4269,199811
4270,29513
4271,27275
4272,135046
4273,119921
4274,78973
4275,41612
4276,43635
4277,0
4278,39483
4279,35235
4280,4
4281,40276
4282,36918
4283,107072
4284,92569
4285,42934
4286,29115
4287,41204
4288,54297
4289,118529
4290,55715
4291,64428
4292,63014
4293,0
4294,29570
4295,31815
4296,61107
4297,51502
4298,60513
4299,0
4300,33748
4301,24866
4302,71616
4303,38549
4304,34884
4305,38792
4306,32619
4307,44260
4308,27901
4309,18608
4310,74474
4311,46617
4312,79707
4313,69080
4314,0
4315,103596
4316,61701
4317,39255
4318,44642
4319,40268
4320,69173
4321,45912
4322,20839
4323,0
4324,1
4325,49657
4326,50629
4327,41924
4328,15252
4329,153786
4330,62053
4331,65172
4332,93721
4333,39368
4334,42553
4335,41273
4336,77190
4337,36113
4338,56933
4339,38566
4340,31938
4341,27060
4342,41644
4343,35274
4344,45796
4345,26092
4346,54757
4347,36113
4348,3
4349,80307
4350,53828
4351,53536
4352,77228
4353,31308
4354,41181
4355,78013
4356,0
4357,53214
4358,41688
4359,40406
4360,0
4361,39944
4362,0
4363,42178
4364,85087
4365,69188
4366,0
4367,35021
4368,35354
4369,48755
4370,46682
4371,50978
4372,20798
4373,39135
4374,44729
4375,82513
4376,37137
4377,47230
4378,78215
4379,45546
4380,50420
4381,46965
4382,102146
4383,0
4384,133101
4385,36239
4386,0
4387,43724
4388,30282
4389,83124
4390,59087
4391,5
4392,45751
4393,0
4394,0
4395,55937
4396,45226
4397,155368
4398,81869
4399,90780
4400,77752
4401,0
4402,62671
4403,0
4404,35934
4405,46002
4406,1
4407,38502
4408,73506
4409,41081
4410,52566
4411,42370
4412,0
4413,46561
4414,53916
4415,0
4416,38167
4417,326378
4418,41365
4419,66723
4420,39373
4421,79566
4422,39610
4423,113016
4424,73599
4425,43300
4426,0
4427,6
4428,4
4429,45915
4430,44923
4431,40495
4432,61430
4433,0
4434,39342
4435,34800
4436,105210
4437,35023
4438,55970
4439,1
4440,40765
4441,33311
4442,45076
4443,47731
4444,47740
4445,134531
4446,58448
4447,52121
4448,29692
4449,41619
4450,23750
4451,1
4452,129979
4453,32886
